date,idx
2014-01-02,130.7
2014-01-03,131.04
2014-01-06,130.28
2014-01-07,131.34
2014-01-08,131.85
2014-01-09,130.64
2014-01-10,130.74
2014-01-13,130.05
2014-01-14,129.66
2014-01-15,130.47
2014-01-16,130.67
2014-01-17,130.58
2014-01-20,131.01
2014-01-21,130.6
2014-01-22,131.07
2014-01-23,131.18
2014-01-24,130.52
2014-01-27,128.66
2014-02-05,128.66
2014-02-06,130.83
2014-02-07,131.88
2014-02-10,132.09
2014-02-11,133.21
2014-02-12,134.36
2014-02-13,134.6
2014-02-14,134.05
2014-02-17,134.67
2014-02-18,135.61
2014-02-19,136.5
2014-02-20,136.35
2014-02-21,138.32
2014-02-24,138.99
2014-02-25,139.9
2014-02-26,140.64
2014-02-27,141.13
2014-03-03,141.71
2014-03-04,141.6
2014-03-05,143.48
2014-03-06,145.3
2014-03-07,142.96
2014-03-10,143.07
2014-03-11,144.49
2014-03-12,144.73
2014-03-13,146.22
2014-03-14,146.07
2014-03-17,146.8
2014-03-18,147.51
2014-03-19,145.36
2014-03-20,143.46
2014-03-21,142.4
2014-03-24,140.94
2014-03-25,143.99
2014-03-26,144.55
2014-03-27,144.75
2014-03-28,143.01
2014-03-31,144.5
2014-04-01,145.73
2014-04-02,147.2
2014-04-03,147.59
2014-04-07,147.1
2014-04-08,147.36
2014-04-09,148.0
2014-04-10,147.34
2014-04-11,145.04
2014-04-14,141.49
2014-04-15,143.6
2014-04-16,144.01
2014-04-17,145.09
2014-04-18,145.35
2014-04-21,145.89
2014-04-22,146.42
2014-04-23,145.87
2014-04-24,145.13
2014-04-25,140.36
2014-04-28,140.75
2014-04-29,143.2
2014-04-30,140.64
2014-05-02,142.82
2014-05-05,144.16
2014-05-06,145.17
2014-05-07,145.54
2014-05-08,145.19
2014-05-09,143.44
2014-05-12,141.68
2014-05-13,140.56
2014-05-14,141.11
2014-05-15,141.7
2014-05-16,141.75
2014-05-19,142.87
2014-05-20,143.02
2014-05-21,142.65
2014-05-22,144.53
2014-05-23,146.04
2014-05-26,147.35
2014-05-27,148.43
2014-05-28,149.15
2014-05-29,149.17
2014-05-30,149.78
2014-06-03,149.56
2014-06-04,150.21
2014-06-05,151.23
2014-06-06,151.44
2014-06-09,152.01
2014-06-10,152.14
2014-06-11,152.43
2014-06-12,152.3
2014-06-13,152.32
2014-06-16,152.64
2014-06-17,153.01
2014-06-18,151.31
2014-06-19,152.45
2014-06-20,152.66
2014-06-23,150.04
2014-06-24,150.21
2014-06-25,151.17
2014-06-26,152.38
2014-06-27,152.11
2014-06-30,153.55
2014-07-01,154.06
2014-07-02,152.54
2014-07-03,153.88
2014-07-04,153.13
2014-07-07,151.84
2014-07-08,152.15
2014-07-09,152.31
2014-07-10,152.65
2014-07-11,148.56
2014-07-14,149.51
2014-07-15,150.44
2014-07-16,148.86
2014-07-17,148.16
2014-07-18,147.84
2014-07-21,148.58
2014-07-22,148.98
2014-07-24,149.88
2014-07-25,148.31
2014-07-28,145.65
2014-07-29,143.66
2014-07-30,144.28
2014-07-31,144.44
2014-08-01,143.45
2014-08-04,144.66
2014-08-05,143.26
2014-08-06,139.86
2014-08-07,137.81
2014-08-08,137.46
2014-08-11,139.74
2014-08-12,138.8
2014-08-13,139.43
2014-08-14,138.55
2014-08-15,137.48
2014-08-18,134.36
2014-08-19,135.98
2014-08-20,135.08
2014-08-21,134.53
2014-08-22,136.79
2014-08-25,137.83
2014-08-26,139.22
2014-08-27,140.1
2014-08-28,139.85
2014-08-29,140.64
2014-09-01,142.03
2014-09-02,140.86
2014-09-03,140.67
2014-09-04,140.53
2014-09-05,141.13
2014-09-09,141.35
2014-09-10,141.22
2014-09-11,140.41
2014-09-12,138.96
2014-09-15,138.89
2014-09-16,138.33
2014-09-17,139.43
2014-09-18,140.25
2014-09-19,141.52
2014-09-22,140.75
2014-09-23,140.01
2014-09-24,139.74
2014-09-25,137.98
2014-09-26,137.56
2014-09-29,139.0
2014-09-30,138.54
2014-10-01,139.24
2014-10-02,139.79
2014-10-03,141.29
2014-10-06,142.07
2014-10-07,140.47
2014-10-08,138.52
2014-10-09,136.49
2014-10-13,130.48
2014-10-14,131.16
2014-10-15,129.27
2014-10-16,128.45
2014-10-17,126.0
2014-10-20,127.49
2014-10-21,128.2
2014-10-22,128.82
2014-10-23,128.14
2014-10-24,126.68
2014-10-27,122.71
2014-10-28,125.33
2014-10-29,128.02
2014-10-30,127.95
2014-10-31,129.21
2014-11-03,131.05
2014-11-04,131.4
2014-11-05,131.02
2014-11-06,128.55
2014-11-07,129.86
2014-11-10,130.0
2014-11-11,130.57
2014-11-12,129.52
2014-11-13,129.9
2014-11-14,129.96
2014-11-17,128.34
2014-11-18,126.23
2014-11-19,126.98
2014-11-20,129.28
2014-11-21,129.57
2014-11-24,129.79
2014-11-25,130.82
2014-11-26,131.27
2014-11-27,130.87
2014-11-28,130.61
2014-12-01,131.49
2014-12-02,132.5
2014-12-03,135.49
2014-12-04,135.84
2014-12-05,136.96
2014-12-08,137.57
2014-12-09,136.54
2014-12-10,136.06
2014-12-11,136.29
2014-12-12,137.25
2014-12-15,137.26
2014-12-16,136.25
2014-12-17,135.5
2014-12-18,135.68
2014-12-19,134.27
2014-12-22,136.22
2014-12-23,136.54
2014-12-24,137.48
2014-12-25,137.3
2014-12-26,138.4
2014-12-27,139.38
2014-12-29,139.49
2014-12-30,139.6
2014-12-31,140.38
2015-01-05,140.66
2015-01-06,138.27
2015-01-07,138.24
2015-01-08,138.73
2015-01-09,138.98
2015-01-12,138.3
2015-01-13,138.76
2015-01-14,139.33
2015-01-15,138.95
2015-01-16,136.92
2015-01-19,136.42
2015-01-20,138.29
2015-01-21,138.16
2015-01-22,139.13
2015-01-23,139.43
2015-01-26,139.1
2015-01-27,139.85
2015-01-28,139.68
2015-01-29,139.25
2015-01-30,139.13
2015-02-02,138.22
2015-02-03,138.72
2015-02-04,139.06
2015-02-05,139.06
2015-02-06,138.39
2015-02-09,138.16
2015-02-10,137.12
2015-02-11,137.14
2015-02-12,136.72
2015-02-13,137.78
2015-02-24,139.28
2015-02-25,139.78
2015-02-26,140.18
2015-03-02,140.43
2015-03-03,140.76
2015-03-04,141.14
2015-03-05,142.37
2015-03-06,143.52
2015-03-09,143.95
2015-03-10,143.3
2015-03-11,143.02
2015-03-12,144.11
2015-03-13,144.37
2015-03-16,144.41
2015-03-17,144.34
2015-03-18,145.14
2015-03-19,146.0
2015-03-20,147.73
2015-03-23,147.31
2015-03-24,146.86
2015-03-25,145.53
2015-03-26,145.03
2015-03-27,143.81
2015-03-30,142.07
2015-03-31,143.55
2015-04-01,142.85
2015-04-02,143.91
2015-04-07,145.09
2015-04-08,144.83
2015-04-09,143.48
2015-04-10,144.02
2015-04-13,144.91
2015-04-14,145.61
2015-04-15,145.09
2015-04-16,145.88
2015-04-17,144.63
2015-04-20,143.73
2015-04-21,141.55
2015-04-22,142.85
2015-04-23,144.19
2015-04-24,144.12
2015-04-27,145.98
2015-04-28,145.83
2015-04-29,144.72
2015-04-30,144.86
2015-05-04,144.52
2015-05-05,144.45
2015-05-06,144.66
2015-05-07,142.64
2015-05-08,141.27
2015-05-11,138.4
2015-05-12,138.72
2015-05-13,139.83
2015-05-14,139.53
2015-05-15,138.71
2015-05-18,136.97
2015-05-19,138.66
2015-05-20,139.37
2015-05-21,139.0
2015-05-22,139.71
2015-05-25,140.62
2015-05-26,140.66
2015-05-27,142.26
2015-05-28,143.45
2015-05-29,143.9
2015-06-01,144.19
2015-06-02,143.83
2015-06-03,142.27
2015-06-04,138.3
2015-06-05,138.26
2015-06-08,137.76
2015-06-09,132.29
2015-06-10,135.08
2015-06-11,135.34
2015-06-12,135.86
2015-06-15,135.92
2015-06-16,134.72
2015-06-17,135.35
2015-06-18,136.7
2015-06-22,137.57
2015-06-23,137.8
2015-06-24,138.34
2015-06-25,138.91
2015-06-26,138.3
2015-06-29,135.17
2015-06-30,136.03
2015-07-01,137.5
2015-07-02,137.56
2015-07-03,137.44
2015-07-06,135.18
2015-07-07,135.42
2015-07-08,129.61
2015-07-09,128.99
2015-07-13,131.2
2015-07-14,130.92
2015-07-15,130.59
2015-07-16,130.32
2015-07-17,129.79
2015-07-20,128.29
2015-07-21,127.19
2015-07-22,125.54
2015-07-23,122.87
2015-07-24,122.21
2015-07-27,116.14
2015-07-28,117.79
2015-07-29,118.06
2015-07-30,119.33
2015-07-31,119.07
2015-08-03,116.19
2015-08-04,112.09
2015-08-05,113.51
2015-08-06,111.79
2015-08-07,112.82
2015-08-10,116.02
2015-08-11,115.34
2015-08-12,114.87
2015-08-13,115.51
2015-08-14,115.47
2015-08-17,113.45
2015-08-18,112.92
2015-08-19,110.46
2015-08-20,111.19
2015-08-21,107.31
2015-08-24,99.95
2015-08-25,101.54
2015-08-26,103.16
2015-08-27,105.56
2015-08-28,107.6
2015-08-31,108.2
2015-09-01,108.6
2015-09-02,109.28
2015-09-03,110.73
2015-09-04,109.16
2015-09-07,109.87
2015-09-08,110.74
2015-09-09,113.18
2015-09-10,114.35
2015-09-11,115.2
2015-09-14,115.98
2015-09-15,115.43
2015-09-16,117.04
2015-09-17,117.95
2015-09-18,119.65
2015-09-21,118.27
2015-09-22,119.81
2015-09-23,117.64
2015-09-24,115.44
2015-09-25,116.76
2015-09-30,117.57
2015-10-01,119.48
2015-10-02,119.76
2015-10-05,121.61
2015-10-06,120.77
2015-10-07,122.25
2015-10-08,120.33
2015-10-12,121.15
2015-10-13,121.83
2015-10-14,121.93
2015-10-15,121.97
2015-10-16,122.34
2015-10-19,122.39
2015-10-20,123.92
2015-10-21,123.56
2015-10-22,124.02
2015-10-23,124.3
2015-10-26,125.7
2015-10-27,125.44
2015-10-28,125.58
2015-10-29,124.85
2015-10-30,124.83
2015-11-02,126.04
2015-11-03,127.63
2015-11-04,129.15
2015-11-05,129.61
2015-11-06,128.22
2015-11-09,126.17
2015-11-10,126.22
2015-11-11,124.02
2015-11-12,124.77
2015-11-13,123.88
2015-11-16,123.96
2015-11-17,125.47
2015-11-18,126.09
2015-11-19,127.51
2015-11-20,128.01
2015-11-23,128.28
2015-11-24,126.69
2015-11-25,127.02
2015-11-26,128.85
2015-11-27,128.36
2015-11-30,127.81
2015-12-01,130.76
2015-12-02,131.12
2015-12-03,130.57
2015-12-04,131.46
2015-12-07,133.07
2015-12-08,131.45
2015-12-09,128.11
2015-12-10,128.86
2015-12-11,125.28
2015-12-14,124.14
2015-12-15,127.09
2015-12-16,128.42
2015-12-17,130.6
2015-12-18,130.34
2015-12-21,130.59
2015-12-22,130.22
2015-12-23,129.17
2015-12-24,127.92
2015-12-25,128.96
2015-12-28,128.51
2015-12-29,128.12
2015-12-30,128.44
2015-12-31,129.05
2016-01-04,126.57
2016-01-05,126.2
2016-01-06,124.81
2016-01-07,121.11
2016-01-08,123.51
2016-01-11,120.8
2016-01-12,117.22
2016-01-13,118.97
2016-01-14,117.09
2016-01-15,117.68
2016-01-18,120.45
2016-01-19,121.91
2016-01-20,118.22
2016-01-21,117.83
2016-01-22,117.85
2016-01-25,119.88
2016-01-26,119.85
2016-01-27,119.6
2016-01-28,120.71
2016-01-29,122.71
2016-01-30,125.03
2016-02-01,124.31
2016-02-02,124.52
2016-02-03,123.72
2016-02-15,124.11
2016-02-16,125.45
2016-02-17,126.21
2016-02-18,128.68
2016-02-19,128.87
2016-02-22,128.31
2016-02-23,128.68
2016-02-24,126.93
2016-02-25,126.44
2016-02-26,127.47
2016-03-01,128.9
2016-03-02,129.36
2016-03-03,128.99
2016-03-04,129.98
2016-03-07,129.66
2016-03-08,129.85
2016-03-09,130.0
2016-03-10,130.43
2016-03-11,131.48
2016-03-14,132.89
2016-03-15,130.15
2016-03-16,131.77
2016-03-17,130.59
2016-03-18,131.58
2016-03-21,132.91
2016-03-22,132.21
2016-03-23,130.96
2016-03-24,130.15
2016-03-25,130.05
2016-03-28,129.08
2016-03-29,126.58
2016-03-30,128.96
2016-03-31,129.71
2016-04-01,129.82
2016-04-06,129.05
2016-04-07,128.71
2016-04-08,129.53
2016-04-11,129.1
2016-04-12,126.53
2016-04-13,128.13
2016-04-14,128.38
2016-04-15,128.36
2016-04-18,128.45
2016-04-19,128.58
2016-04-20,127.43
2016-04-21,128.0
2016-04-22,125.95
2016-04-25,126.09
2016-04-26,126.95
2016-04-27,126.11
2016-04-28,125.7
2016-04-29,124.74
2016-05-03,124.01
2016-05-04,122.97
2016-05-05,123.5
2016-05-06,122.37
2016-05-09,120.76
2016-05-10,121.25
2016-05-11,120.69
2016-05-12,118.18
2016-05-13,118.64
2016-05-16,119.58
2016-05-17,121.71
2016-05-18,122.31
2016-05-19,121.25
2016-05-20,121.91
2016-05-23,124.41
2016-05-24,124.38
2016-05-25,125.46
2016-05-26,125.99
2016-05-27,126.72
2016-05-30,128.65
2016-05-31,129.2
2016-06-01,129.59
2016-06-02,127.96
2016-06-03,128.09
2016-06-04,128.33
2016-06-06,127.21
2016-06-07,127.55
2016-06-08,127.2
2016-06-13,125.75
2016-06-14,126.63
2016-06-15,127.22
2016-06-16,126.92
2016-06-17,127.73
2016-06-20,128.49
2016-06-21,128.94
2016-06-22,129.07
2016-06-23,128.72
2016-06-24,124.94
2016-06-27,125.75
2016-06-28,126.7
2016-06-29,127.61
2016-06-30,128.3
2016-07-01,128.42
2016-07-04,128.68
2016-07-05,128.97
2016-07-06,127.39
2016-07-07,127.73
2016-07-11,128.07
2016-07-12,128.65
2016-07-13,129.09
2016-07-14,129.25
2016-07-15,130.31
2016-07-18,131.13
2016-07-19,130.99
2016-07-20,130.47
2016-07-21,131.13
2016-07-22,130.98
2016-07-25,130.39
2016-07-26,131.02
2016-07-27,130.66
2016-07-28,130.38
2016-07-29,130.53
2016-08-01,131.5
2016-08-02,131.78
2016-08-03,131.41
2016-08-04,131.82
2016-08-05,132.46
2016-08-08,132.11
2016-08-09,130.58
2016-08-10,130.76
2016-08-11,130.18
2016-08-12,130.53
2016-08-15,130.58
2016-08-16,130.73
2016-08-17,129.59
2016-08-18,130.49
2016-08-19,130.05
2016-08-22,128.91
2016-08-23,129.89
2016-08-24,129.77
2016-08-25,130.39
2016-08-26,130.09
2016-08-29,130.06
2016-08-30,130.35
2016-08-31,130.43
2016-09-01,130.1
2016-09-02,128.22
2016-09-05,129.17
2016-09-06,129.94
2016-09-07,131.35
2016-09-08,131.92
2016-09-09,131.71
2016-09-10,130.04
2016-09-12,129.43
2016-09-13,128.47
2016-09-14,128.59
2016-09-19,129.85
2016-09-20,130.05
2016-09-21,130.77
2016-09-22,130.9
2016-09-23,131.76
2016-09-26,131.1
2016-09-29,131.0
2016-09-30,130.76
2016-10-03,131.54
2016-10-04,131.73
2016-10-05,131.35
2016-10-06,131.72
2016-10-07,130.9
2016-10-11,128.06
2016-10-12,128.18
2016-10-13,127.34
2016-10-14,125.13
2016-10-17,125.86
2016-10-18,126.43
2016-10-19,127.09
2016-10-20,127.42
2016-10-21,127.45
2016-10-24,127.25
2016-10-25,127.67
2016-10-26,127.72
2016-10-27,127.59
2016-10-28,126.64
2016-10-31,126.3
2016-11-01,126.09
2016-11-02,123.08
2016-11-03,121.71
2016-11-04,121.61
2016-11-07,121.92
2016-11-08,121.78
2016-11-09,117.36
2016-11-10,121.51
2016-11-11,120.14
2016-11-14,119.52
2016-11-15,119.6
2016-11-16,119.85
2016-11-17,119.8
2016-11-18,120.84
2016-11-21,121.23
2016-11-22,122.09
2016-11-23,122.15
2016-11-24,122.02
2016-11-25,122.25
2016-11-28,122.59
2016-11-29,122.72
2016-11-30,122.88
2016-12-01,122.76
2016-12-02,122.08
2016-12-05,122.43
2016-12-06,123.02
2016-12-07,123.32
2016-12-08,124.05
2016-12-09,124.25
2016-12-12,123.29
2016-12-13,123.57
2016-12-14,124.23
2016-12-15,124.23
2016-12-16,124.76
2016-12-19,123.77
2016-12-20,123.67
2016-12-21,123.49
2016-12-22,123.24
2016-12-23,122.95
2016-12-26,122.95
2016-12-27,123.35
2016-12-28,124.13
2016-12-29,124.58
2016-12-30,125.18
2017-01-03,125.26
2017-01-04,125.76
2017-01-05,126.5
2017-01-06,126.61
2017-01-09,125.59
2017-01-10,125.26
2017-01-11,124.58
2017-01-12,125.01
2017-01-13,124.82
2017-01-16,124.01
2017-01-17,124.51
2017-01-18,125.28
2017-01-19,125.39
2017-01-20,125.16
2017-01-23,125.97
2017-01-24,126.0
2017-02-02,126.83
2017-02-03,128.07
2017-02-06,129.15
2017-02-07,129.59
2017-02-08,130.51
2017-02-09,131.31
2017-02-10,130.8
2017-02-13,131.59
2017-02-14,131.15
2017-02-15,131.75
2017-02-16,132.26
2017-02-17,133.47
2017-02-18,135.02
2017-02-20,134.08
2017-02-21,133.79
2017-02-22,134.58
2017-02-23,134.68
2017-02-24,134.77
2017-03-01,134.06
2017-03-02,133.75
2017-03-03,134.2
2017-03-06,135.15
2017-03-07,135.86
2017-03-08,135.64
2017-03-09,134.75
2017-03-10,134.02
2017-03-13,135.02
2017-03-14,135.67
2017-03-15,135.55
2017-03-16,136.13
2017-03-17,137.62
2017-03-20,137.7
2017-03-21,137.13
2017-03-22,137.62
2017-03-23,137.66
2017-03-24,137.26
2017-03-27,135.9
2017-03-28,134.19
2017-03-29,134.87
2017-03-30,135.31
2017-03-31,135.15
2017-04-05,136.36
2017-04-06,136.32
2017-04-07,136.56
2017-04-10,136.6
2017-04-11,134.44
2017-04-12,133.94
2017-04-13,133.18
2017-04-14,130.12
2017-04-17,129.99
2017-04-18,131.63
2017-04-19,131.42
2017-04-20,130.67
2017-04-21,131.34
2017-04-24,130.08
2017-04-25,131.48
2017-04-26,132.27
2017-04-27,132.68
2017-04-28,133.03
2017-05-02,133.1
2017-05-03,132.56
2017-05-04,133.3
2017-05-05,132.26
2017-05-08,131.85
2017-05-09,129.7
2017-05-10,131.19
2017-05-11,131.31
2017-05-12,131.74
2017-05-15,132.93
2017-05-16,132.42
2017-05-17,132.4
2017-05-18,132.16
2017-05-19,132.53
2017-05-22,132.93
2017-05-23,133.29
2017-05-24,134.29
2017-05-25,134.9
2017-05-26,134.76
2017-05-31,134.82
2017-06-01,135.22
2017-06-02,136.28
2017-06-03,137.35
2017-06-05,138.25
2017-06-06,138.08
2017-06-07,137.89
2017-06-08,138.33
2017-06-09,137.64
2017-06-12,136.95
2017-06-13,136.34
2017-06-14,134.27
2017-06-15,134.34
2017-06-16,134.8
2017-06-19,135.49
2017-06-20,135.29
2017-06-21,135.68
2017-06-22,136.65
2017-06-23,136.18
2017-06-26,137.11
2017-06-27,137.01
2017-06-28,136.12
2017-06-29,135.69
2017-06-30,135.7
2017-07-03,135.49
2017-07-04,135.13
2017-07-05,135.15
2017-07-06,135.13
2017-07-07,134.17
2017-07-10,133.86
2017-07-11,133.99
2017-07-12,135.03
2017-07-13,135.55
2017-07-14,136.64
2017-07-17,136.9
2017-07-18,137.99
2017-07-19,137.89
2017-07-20,138.16
2017-07-21,138.61
2017-07-24,138.55
2017-07-25,139.23
2017-07-26,139.95
2017-07-27,140.23
2017-07-28,138.9
2017-07-31,139.17
2017-08-01,139.29
2017-08-02,139.71
2017-08-03,139.36
2017-08-04,139.46
2017-08-07,140.54
2017-08-08,139.76
2017-08-09,137.73
2017-08-10,134.72
2017-08-11,134.68
2017-08-14,131.3
2017-08-15,133.07
2017-08-16,133.78
2017-08-17,135.47
2017-08-18,135.34
2017-08-21,135.96
2017-08-22,136.44
2017-08-23,136.79
2017-08-24,137.63
2017-08-25,138.15
2017-08-28,138.61
2017-08-29,138.5
2017-08-30,138.94
2017-08-31,139.93
2017-09-01,140.8
2017-09-04,140.24
2017-09-05,141.98
2017-09-06,141.62
2017-09-07,140.55
2017-09-08,141.9
2017-09-11,141.46
2017-09-12,141.81
2017-09-13,141.25
2017-09-14,142.75
2017-09-15,142.67
2017-09-18,143.42
2017-09-19,142.47
2017-09-20,142.07
2017-09-21,143.75
2017-09-22,142.14
2017-09-25,139.96
2017-09-26,137.37
2017-09-27,139.35
2017-09-28,139.47
2017-09-29,138.7
2017-09-30,140.42
2017-10-02,142.06
2017-10-03,142.24
2017-10-05,143.28
2017-10-06,142.97
2017-10-11,142.58
2017-10-12,144.09
2017-10-13,144.24
2017-10-16,144.61
2017-10-17,143.73
2017-10-18,143.27
2017-10-19,144.87
2017-10-20,144.77
2017-10-23,145.14
2017-10-24,146.03
2017-10-25,145.53
2017-10-26,146.08
2017-10-27,143.64
2017-10-30,143.82
2017-10-31,145.36
2017-11-01,146.17
2017-11-02,146.46
2017-11-03,146.11
2017-11-06,146.26
2017-11-07,146.63
2017-11-08,147.43
2017-11-09,145.89
2017-11-10,147.39
2017-11-13,146.66
2017-11-14,146.11
2017-11-15,146.65
2017-11-16,146.86
2017-11-17,147.98
2017-11-20,148.02
2017-11-21,150.16
2017-11-22,149.82
2017-11-23,150.2
2017-11-24,150.19
2017-11-27,149.76
2017-11-28,150.18
2017-11-29,151.28
2017-11-30,150.29
2017-12-01,148.48
2017-12-04,148.56
2017-12-05,145.99
2017-12-06,143.38
2017-12-07,142.07
2017-12-08,144.41
2017-12-11,146.42
2017-12-12,146.15
2017-12-13,146.5
2017-12-14,146.26
2017-12-15,145.8
2017-12-18,146.05
2017-12-19,145.63
2017-12-20,146.94
2017-12-21,147.26
2017-12-22,147.67
2017-12-25,147.7
2017-12-26,145.19
2017-12-27,146.05
2017-12-28,148.0
2017-12-29,148.52
2018-01-02,149.18
2018-01-03,151.18
2018-01-04,152.27
2018-01-05,152.47
2018-01-08,152.12
2018-01-09,151.16
2018-01-10,149.94
2018-01-11,150.0
2018-01-12,150.61
2018-01-15,151.81
2018-01-16,152.47
2018-01-17,152.37
2018-01-18,153.02
2018-01-19,153.0
2018-01-22,154.78
2018-01-23,153.91
2018-01-24,154.23
2018-01-25,152.86
2018-01-26,152.86
2018-01-29,153.83
2018-01-30,152.5
2018-01-31,153.15
2018-02-01,152.87
2018-02-02,152.56
2018-02-05,150.69
2018-02-06,141.07
2018-02-07,144.37
2018-02-08,143.11
2018-02-09,141.57
2018-02-12,141.83
2018-02-21,145.9
2018-02-22,146.49
2018-02-23,147.62
2018-02-26,148.57
2018-02-27,148.36
2018-03-01,148.72
2018-03-02,147.79
2018-03-05,146.69
2018-03-06,148.62
2018-03-07,149.01
2018-03-08,150.27
2018-03-09,150.69
2018-03-12,152.24
2018-03-13,153.33
2018-03-14,153.48
2018-03-15,154.27
2018-03-16,154.29
2018-03-19,154.53
2018-03-20,154.47
2018-03-21,154.84
2018-03-22,153.49
2018-03-23,150.62
2018-03-26,152.29
2018-03-27,153.97
2018-03-28,153.11
2018-03-29,154.16
2018-03-30,154.63
2018-03-31,155.06
2018-04-02,154.66
2018-04-03,154.42
2018-04-09,154.65
2018-04-10,153.42
2018-04-11,154.3
2018-04-12,154.79
2018-04-13,155.28
2018-04-16,156.0
2018-04-17,152.94
2018-04-18,153.99
2018-04-19,155.2
2018-04-20,153.99
2018-04-23,152.79
2018-04-24,148.29
2018-04-25,148.88
2018-04-26,145.93
2018-04-27,147.47
2018-04-30,148.77
2018-05-02,149.86
2018-05-03,148.95
2018-05-04,147.83
2018-05-07,148.66
2018-05-08,149.0
2018-05-09,149.17
2018-05-10,150.73
2018-05-11,150.9
2018-05-14,153.49
2018-05-15,152.57
2018-05-16,152.66
2018-05-17,151.93
2018-05-18,152.03
2018-05-21,153.12
2018-05-22,152.63
2018-05-23,152.41
2018-05-24,153.51
2018-05-25,154.23
2018-05-28,155.3
2018-05-29,155.18
2018-05-30,155.28
2018-05-31,155.98
2018-06-01,156.53
2018-06-04,158.04
2018-06-05,157.36
2018-06-06,159.07
2018-06-07,158.84
2018-06-08,157.75
2018-06-11,158.47
2018-06-12,158.99
2018-06-13,157.87
2018-06-14,157.58
2018-06-15,157.55
2018-06-19,154.93
2018-06-20,153.62
2018-06-21,155.57
2018-06-22,154.07
2018-06-25,153.74
2018-06-26,153.56
2018-06-27,153.81
2018-06-28,152.12
2018-06-29,153.53
2018-07-02,152.96
2018-07-03,150.76
2018-07-04,149.26
2018-07-05,146.54
2018-07-06,146.98
2018-07-09,147.94
2018-07-10,149.56
2018-07-11,148.78
2018-07-12,150.16
2018-07-13,151.81
2018-07-16,152.46
2018-07-17,151.26
2018-07-18,150.58
2018-07-19,151.13
2018-07-20,150.05
2018-07-23,148.02
2018-07-24,149.96
2018-07-25,150.48
2018-07-26,151.46
2018-07-27,152.12
2018-07-30,150.09
2018-07-31,150.61
2018-08-01,151.27
2018-08-02,148.95
2018-08-03,150.79
2018-08-06,151.4
2018-08-07,151.86
2018-08-08,150.72
2018-08-09,149.45
2018-08-10,148.54
2018-08-13,142.7
2018-08-14,144.78
2018-08-15,142.46
2018-08-16,142.19
2018-08-17,141.6
2018-08-20,139.71
2018-08-21,141.77
2018-08-22,141.23
2018-08-23,141.0
2018-08-24,139.44
2018-08-27,141.76
2018-08-28,141.99
2018-08-29,142.46
2018-08-30,143.03
2018-08-31,143.53
2018-09-03,140.57
2018-09-04,142.08
2018-09-05,141.61
2018-09-06,140.87
2018-09-07,137.26
2018-09-10,132.37
2018-09-11,133.29
2018-09-12,131.5
2018-09-13,131.8
2018-09-14,134.47
2018-09-17,134.24
2018-09-18,132.21
2018-09-19,132.6
2018-09-20,132.03
2018-09-21,134.12
2018-09-25,134.62
2018-09-26,134.09
2018-09-27,133.25
2018-09-28,133.58
2018-10-01,134.81
2018-10-02,134.26
2018-10-03,132.6
2018-10-04,131.62
2018-10-05,126.8
2018-10-08,125.14
2018-10-09,123.17
2018-10-11,114.01
2018-10-12,116.77
2018-10-15,117.4
2018-10-16,117.93
2018-10-17,118.94
2018-10-18,118.25
2018-10-19,117.2
2018-10-22,118.59
2018-10-23,116.25
2018-10-24,115.74
2018-10-25,111.33
2018-10-26,109.93
2018-10-29,110.54
2018-10-30,110.61
2018-10-31,113.83
2018-11-01,116.73
2018-11-02,118.5
2018-11-05,118.76
2018-11-06,116.71
2018-11-07,118.74
2018-11-08,118.86
2018-11-09,118.74
2018-11-12,118.23
2018-11-13,117.87
2018-11-14,118.18
2018-11-15,118.64
2018-11-16,118.83
2018-11-19,119.86
2018-11-20,119.64
2018-11-21,121.0
2018-11-22,120.19
2018-11-23,119.19
2018-11-26,120.64
2018-11-27,123.21
2018-11-28,125.15
2018-11-29,126.45
2018-11-30,127.28
2018-12-03,130.63
2018-12-04,129.99
2018-12-05,128.01
2018-12-06,123.81
2018-12-07,125.46
2018-12-10,123.74
2018-12-11,124.6
2018-12-12,126.83
2018-12-13,127.35
2018-12-14,126.68
2018-12-17,126.77
2018-12-18,125.38
2018-12-19,124.76
2018-12-20,122.84
2018-12-21,124.02
2018-12-22,123.77
2018-12-24,124.08
2018-12-25,122.62
2018-12-26,121.5
2018-12-27,123.64
2018-12-28,123.54
2019-01-02,123.89
2019-01-03,123.03
2019-01-04,122.33
2019-01-07,124.15
2019-01-08,124.71
2019-01-09,125.48
2019-01-10,125.83
2019-01-11,125.61
2019-01-14,124.86
2019-01-15,126.18
2019-01-16,126.52
2019-01-17,125.98
2019-01-18,126.61
2019-01-21,127.42
2019-01-22,127.03
2019-01-23,127.52
2019-01-24,128.11
2019-01-25,129.14
2019-01-28,129.67
2019-01-29,129.18
2019-01-30,129.91
2019-02-11,131.71
2019-02-12,133.31
2019-02-13,134.61
2019-02-14,135.62
2019-02-15,135.12
2019-02-18,135.94
2019-02-19,136.41
2019-02-20,137.11
2019-02-21,137.27
2019-02-22,136.66
2019-02-25,137.06
2019-02-26,136.93
2019-02-27,137.39
2019-03-04,138.02
2019-03-05,137.79
2019-03-06,138.37
2019-03-07,136.29
2019-03-08,136.37
2019-03-11,136.45
2019-03-12,136.87
2019-03-13,136.97
2019-03-14,137.16
2019-03-15,137.65
2019-03-18,137.86
2019-03-19,138.04
2019-03-20,138.41
2019-03-21,139.04
2019-03-22,139.29
2019-03-25,137.68
2019-03-26,138.66
2019-03-27,138.59
2019-03-28,138.42
2019-03-29,139.57
2019-04-01,140.03
2019-04-02,140.75
2019-04-03,141.27
2019-04-08,142.43
2019-04-09,142.79
2019-04-10,142.81
2019-04-11,141.9
2019-04-12,140.78
2019-04-15,141.86
2019-04-16,142.73
2019-04-17,143.49
2019-04-18,142.67
2019-04-19,143.56
2019-04-22,143.76
2019-04-23,143.47
2019-04-24,143.48
2019-04-25,143.76
2019-04-26,142.03
2019-04-29,139.64
2019-04-30,140.44
2019-05-02,141.36
2019-05-03,142.46
2019-05-06,139.71
2019-05-07,141.34
2019-05-08,140.83
2019-05-09,138.03
2019-05-10,137.5
2019-05-13,135.04
2019-05-14,135.43
2019-05-15,136.68
2019-05-16,134.67
2019-05-17,132.41
2019-05-20,131.6
2019-05-21,132.92
2019-05-22,132.95
2019-05-23,131.53
2019-05-24,131.38
2019-05-27,131.03
2019-05-28,131.64
2019-05-29,131.15
2019-05-30,131.8
2019-05-31,133.5
2019-06-03,132.69
2019-06-04,132.13
2019-06-05,132.24
2019-06-06,131.34
2019-06-10,133.25
2019-06-11,133.86
2019-06-12,134.38
2019-06-13,134.57
2019-06-14,134.03
2019-06-17,134.54
2019-06-18,134.39
2019-06-19,136.08
2019-06-20,137.14
2019-06-21,136.89
2019-06-24,137.34
2019-06-25,136.06
2019-06-26,136.17
2019-06-27,136.8
2019-06-28,137.13
2019-07-01,139.43
2019-07-02,140.12
2019-07-03,139.25
2019-07-04,139.93
2019-07-05,140.44
2019-07-08,140.24
2019-07-09,139.57
2019-07-10,140.2
2019-07-11,140.65
2019-07-12,140.54
2019-07-15,141.58
2019-07-16,141.82
2019-07-17,140.97
2019-07-18,139.98
2019-07-19,141.03
2019-07-22,142.01
2019-07-23,142.06
2019-07-24,142.89
2019-07-25,143.33
2019-07-26,143.3
2019-07-29,142.77
2019-07-30,140.8
2019-07-31,141.23
2019-08-01,140.83
2019-08-02,138.48
2019-08-05,136.4
2019-08-06,136.33
2019-08-07,136.17
2019-08-08,137.51
2019-08-12,137.61
2019-08-13,136.36
2019-08-14,136.66
2019-08-15,135.27
2019-08-16,136.12
2019-08-19,137.83
2019-08-20,138.22
2019-08-21,138.92
2019-08-22,138.64
2019-08-23,138.52
2019-08-26,135.94
2019-08-27,137.02
2019-08-28,137.37
2019-08-29,137.87
2019-08-30,138.52
2019-09-02,139.7
2019-09-03,139.62
2019-09-04,140.67
2019-09-05,140.8
2019-09-06,140.92
2019-09-09,140.7
2019-09-10,139.77
2019-09-11,140.13
2019-09-12,140.73
2019-09-16,140.32
2019-09-17,140.4
2019-09-18,141.16
2019-09-19,141.73
2019-09-20,142.23
2019-09-23,142.74
2019-09-24,142.5
2019-09-25,141.91
2019-09-26,141.46
2019-09-27,139.97
2019-10-01,140.59
2019-10-02,141.1
2019-10-03,141.19
2019-10-04,141.06
2019-10-07,141.33
2019-10-08,140.73
2019-10-09,139.97
2019-10-14,141.37
2019-10-15,141.57
2019-10-16,141.27
2019-10-17,142.36
2019-10-18,142.81
2019-10-21,143.24
2019-10-22,143.56
2019-10-23,143.27
2019-10-24,144.43
2019-10-25,144.12
2019-10-28,145.32
2019-10-29,144.38
2019-10-30,145.06
2019-10-31,144.23
2019-11-01,145.12
2019-11-04,145.99
2019-11-05,146.97
2019-11-06,146.08
2019-11-07,144.55
2019-11-08,144.42
2019-11-11,141.97
2019-11-12,143.03
2019-11-13,143.1
2019-11-14,142.4
2019-11-15,143.37
2019-11-18,143.91
2019-11-19,143.78
2019-11-20,142.27
2019-11-21,143.07
2019-11-22,143.57
2019-11-25,143.9
2019-11-26,144.97
2019-11-27,145.44
2019-11-28,145.61
2019-11-29,144.43
2019-12-02,143.63
2019-12-03,144.13
2019-12-04,144.47
2019-12-05,146.11
2019-12-06,146.42
2019-12-09,146.62
2019-12-10,146.59
2019-12-11,146.78
2019-12-12,146.98
2019-12-13,146.25
2019-12-16,147.22
2019-12-17,147.79
2019-12-18,147.56
2019-12-19,147.07
2019-12-20,146.92
2019-12-23,147.05
2019-12-24,147.38
2019-12-25,148.46
2019-12-26,148.75
2019-12-27,149.24
2019-12-30,149.33
2019-12-31,149.36
2020-01-02,150.91
2020-01-03,148.94
2020-01-06,147.25
2020-01-07,146.29
2020-01-08,144.91
2020-01-09,146.57
2020-01-10,146.69
2020-01-13,148.27
2020-01-14,149.62
2020-01-15,149.54
2020-01-16,149.94
2020-01-17,149.87
2020-01-20,150.37
2020-01-30,141.01
2020-01-31,141.77
2020-02-03,139.06
2020-02-04,141.89
2020-02-05,142.39
2020-02-06,144.31
2020-02-07,142.57
2020-02-10,141.6
2020-02-11,143.6
2020-02-12,145.49
2020-02-13,145.52
2020-02-14,147.26
2020-02-17,146.74
2020-02-18,145.66
2020-02-19,147.29
2020-02-20,147.91
2020-02-21,147.82
2020-02-24,146.56
2020-02-25,146.48
2020-02-26,145.3
2020-02-27,141.96
2020-03-02,141.44
2020-03-03,143.4
2020-03-04,142.68
2020-03-05,145.18
2020-03-06,144.26
2020-03-09,139.06
2020-03-10,139.0
2020-03-11,136.88
2020-03-12,128.92
2020-03-13,123.44
2020-03-16,118.28
2020-03-17,113.3
2020-03-18,111.66
2020-03-19,103.25
2020-03-20,109.53
2020-03-23,106.46
2020-03-24,111.16
2020-03-25,115.43
2020-03-26,117.36
2020-03-27,117.26
2020-03-30,117.47
2020-03-31,117.83
2020-04-01,118.6
2020-04-06,120.76
2020-04-07,123.12
2020-04-08,125.68
2020-04-09,125.31
2020-04-10,126.36
2020-04-13,126.06
2020-04-14,128.55
2020-04-15,130.16
2020-04-16,130.67
2020-04-17,130.75
2020-04-20,131.77
2020-04-21,128.73
2020-04-22,129.9
2020-04-23,131.08
2020-04-24,131.36
2020-04-27,133.12
2020-04-28,134.0
2020-04-29,135.54
2020-04-30,137.7
2020-05-04,137.06
2020-05-05,138.41
2020-05-06,138.68
2020-05-07,140.8
2020-05-08,141.05
2020-05-11,141.8
2020-05-12,141.43
2020-05-13,142.91
2020-05-14,140.65
2020-05-15,141.64
2020-05-18,140.97
2020-05-19,142.64
2020-05-20,143.3
2020-05-21,145.09
2020-05-22,144.15
2020-05-25,146.61
2020-05-26,146.81
2020-05-27,146.79
2020-05-28,146.53
2020-05-29,147.38
2020-06-01,149.34
2020-06-02,149.05
2020-06-03,151.03
2020-06-04,152.06
2020-06-05,153.39
2020-06-08,154.62
2020-06-09,154.56
2020-06-10,155.76
2020-06-11,152.42
2020-06-12,151.86
2020-06-15,151.41
2020-06-16,154.57
2020-06-17,155.75
2020-06-18,158.12
2020-06-19,158.91
2020-06-22,159.95
2020-06-23,159.29
2020-06-24,159.63
2020-06-29,158.89
2020-06-30,160.06
2020-07-01,162.3
2020-07-02,165.15
2020-07-03,166.5
2020-07-06,170.68
2020-07-07,170.29
2020-07-08,173.95
2020-07-09,175.94
2020-07-10,171.9
2020-07-13,172.84
2020-07-14,170.04
2020-07-15,167.86
2020-07-16,166.8
2020-07-17,162.85
2020-07-20,162.25
2020-07-21,163.7
2020-07-22,166.42
2020-07-23,166.21
2020-07-24,162.36
2020-07-27,160.64
2020-07-28,157.77
2020-07-29,159.61
2020-07-30,161.73
2020-07-31,163.21
2020-08-03,163.25
2020-08-04,164.98
2020-08-05,166.98
2020-08-06,166.11
2020-08-07,165.3
2020-08-10,164.24
2020-08-11,162.56
2020-08-12,162.91
2020-08-13,162.62
2020-08-14,164.05
2020-08-17,165.0
2020-08-18,164.54
2020-08-19,164.31
2020-08-20,156.73
2020-08-21,160.36
2020-08-24,161.86
2020-08-25,163.57
2020-08-26,165.63
2020-08-27,165.81
2020-08-28,165.86
2020-08-31,166.03
2020-09-01,166.35
2020-09-02,167.59
2020-09-03,167.33
2020-09-04,166.53
2020-09-07,164.17
2020-09-08,165.51
2020-09-09,165.5
2020-09-10,165.11
2020-09-11,164.17
2020-09-14,165.75
2020-09-15,166.65
2020-09-16,167.55
2020-09-17,167.64
2020-09-18,168.91
2020-09-21,167.36
2020-09-22,165.1
2020-09-23,165.16
2020-09-24,161.81
2020-09-25,158.6
2020-09-28,160.83
2020-09-29,160.52
2020-09-30,162.05
2020-10-05,162.83
2020-10-06,164.42
2020-10-07,164.21
2020-10-08,164.96
2020-10-12,164.67
2020-10-13,165.29
2020-10-14,165.8
2020-10-15,165.91
2020-10-16,164.75
2020-10-19,165.23
2020-10-20,165.65
2020-10-21,166.03
2020-10-22,165.57
2020-10-23,166.04
2020-10-26,164.31
2020-10-27,164.98
2020-10-28,163.79
2020-10-29,163.1
2020-10-30,161.93
2020-11-02,161.25
2020-11-03,162.65
2020-11-04,164.29
2020-11-05,165.23
2020-11-06,165.81
2020-11-09,168.13
2020-11-10,165.71
2020-11-11,166.87
2020-11-12,165.91
2020-11-13,166.67
2020-11-16,168.49
2020-11-17,168.35
2020-11-18,169.98
2020-11-19,170.47
2020-11-20,171.39
2020-11-23,173.06
2020-11-24,172.61
2020-11-25,172.22
2020-11-26,173.93
2020-11-27,175.24
2020-11-30,176.62
2020-12-01,177.93
2020-12-02,180.0
2020-12-03,179.81
2020-12-04,180.31
2020-12-07,179.64
2020-12-08,181.22
2020-12-09,182.66
2020-12-10,180.53
2020-12-11,179.39
2020-12-14,180.28
2020-12-15,176.93
2020-12-16,180.29
2020-12-17,179.74
2020-12-18,179.32
2020-12-21,179.36
2020-12-22,177.76
2020-12-23,179.45
2020-12-24,179.69
2020-12-25,180.49
2020-12-28,181.69
2020-12-29,182.38
2020-12-30,184.24
2020-12-31,184.1
2021-01-04,185.8
2021-01-05,185.95
2021-01-06,184.26
2021-01-07,186.13
2021-01-08,187.02
2021-01-11,188.89
2021-01-12,186.18
2021-01-13,188.66
2021-01-14,187.91
2021-01-15,184.68
2021-01-18,185.45
2021-01-19,186.45
2021-01-20,182.98
2021-01-21,184.23
2021-01-22,187.8
2021-01-25,188.03
2021-01-26,185.37
2021-01-27,186.74
2021-01-28,183.09
2021-01-29,179.54
2021-02-01,180.39
2021-02-02,183.45
2021-02-03,183.69
2021-02-04,182.83
2021-02-05,183.3
2021-02-17,187.84
2021-02-18,190.65
2021-02-19,193.48
2021-02-22,199.02
2021-02-23,197.89
2021-02-24,196.22
2021-02-25,197.83
2021-02-26,195.07
2021-03-02,193.32
2021-03-03,194.1
2021-03-04,192.12
2021-03-05,192.62
2021-03-08,191.47
2021-03-09,190.2
2021-03-10,191.74
2021-03-11,195.31
2021-03-12,196.04
2021-03-15,197.57
2021-03-16,199.11
2021-03-17,199.4
2021-03-18,200.89
2021-03-19,199.88
2021-03-22,200.43
2021-03-23,199.38
2021-03-24,200.34
2021-03-25,199.59
2021-03-26,201.78
2021-03-29,204.34
2021-03-30,206.16
2021-03-31,206.29
2021-04-01,207.39
2021-04-06,209.7
2021-04-07,211.38
2021-04-08,213.8
2021-04-09,213.31
2021-04-12,212.47
2021-04-13,209.39
2021-04-14,206.26
2021-04-15,209.59
2021-04-16,210.74
2021-04-19,211.21
2021-04-20,213.62
2021-04-21,213.02
2021-04-22,206.99
2021-04-23,210.84
2021-04-26,212.95
2021-04-27,214.49
2021-04-28,213.77
2021-04-29,215.08
2021-05-03,208.86
2021-05-04,202.45
2021-05-05,198.56
2021-05-06,197.71
2021-05-07,204.39
2021-05-10,201.93
2021-05-11,193.04
2021-05-12,185.15
2021-05-13,187.03
2021-05-14,187.05
2021-05-17,181.11
2021-05-18,188.95
2021-05-19,189.08
2021-05-20,187.2
2021-05-21,190.87
2021-05-24,192.8
2021-05-25,197.02
2021-05-26,198.03
2021-05-27,198.61
2021-05-28,200.65
2021-05-31,201.87
2021-06-01,203.26
2021-06-02,200.49
2021-06-03,202.52
2021-06-04,201.0
2021-06-07,200.98
2021-06-08,202.62
2021-06-09,203.5
2021-06-10,206.79
2021-06-11,206.59
2021-06-15,208.74
2021-06-16,206.54
2021-06-17,209.38
2021-06-18,209.91
2021-06-21,207.75
2021-06-22,207.26
2021-06-23,210.71
2021-06-24,212.37
2021-06-25,212.4
2021-06-28,213.26
2021-06-29,212.29
2021-06-30,214.12
2021-07-01,211.32
2021-07-02,213.68
2021-07-05,216.59
2021-07-06,215.3
2021-07-07,216.37
2021-07-08,217.02
2021-07-09,215.85
2021-07-12,219.32
2021-07-13,218.09
2021-07-14,217.97
2021-07-15,220.84
2021-07-16,221.0
2021-07-19,221.96
2021-07-20,219.77
2021-07-21,219.95
2021-07-22,221.05
2021-07-23,220.77
2021-07-26,223.96
2021-07-27,219.79
2021-07-28,214.88
2021-07-29,219.14
2021-07-30,217.39
2021-08-02,219.97
2021-08-03,220.98
2021-08-04,222.2
2021-08-05,223.97
2021-08-06,222.45
2021-08-09,217.34
2021-08-10,214.96
2021-08-11,210.31
2021-08-12,212.02
2021-08-13,207.2
2021-08-16,204.98
2021-08-17,201.06
2021-08-18,205.43
2021-08-19,200.6
2021-08-20,200.98
2021-08-23,206.08
2021-08-24,205.61
2021-08-25,210.01
2021-08-26,210.07
2021-08-27,211.14
2021-08-30,213.08
2021-08-31,214.02
2021-09-01,216.43
2021-09-02,214.57
2021-09-03,216.36
2021-09-06,214.67
2021-09-07,212.92
2021-09-08,208.82
2021-09-09,211.77
2021-09-10,214.63
2021-09-13,212.28
2021-09-14,212.13
2021-09-15,210.49
2021-09-16,209.61
2021-09-17,211.31
2021-09-22,207.81
2021-09-23,210.75
2021-09-24,213.1
2021-09-27,212.53
2021-09-28,210.59
2021-09-29,204.1
2021-09-30,206.59
2021-10-01,201.19
2021-10-04,196.65
2021-10-05,198.92
2021-10-06,196.99
2021-10-07,202.58
2021-10-08,203.12
2021-10-12,200.8
2021-10-13,196.74
2021-10-14,198.27
2021-10-15,202.09
2021-10-18,202.41
2021-10-19,205.97
2021-10-20,206.99
2021-10-21,207.33
2021-10-22,208.27
2021-10-25,208.36
2021-10-26,208.74
2021-10-27,212.34
2021-10-28,212.49
2021-10-29,214.43
2021-11-01,217.52
2021-11-02,215.36
2021-11-03,215.73
2021-11-04,214.78
2021-11-05,215.9
2021-11-08,214.81
2021-11-09,216.93
2021-11-10,217.51
2021-11-11,217.39
2021-11-12,218.43
2021-11-15,221.19
2021-11-16,222.09
2021-11-17,224.07
2021-11-18,225.48
2021-11-19,225.74
2021-11-22,229.18
2021-11-23,225.81
2021-11-24,227.03
2021-11-25,226.27
2021-11-26,222.65
2021-11-29,223.84
2021-11-30,226.29
2021-12-01,226.56
2021-12-02,225.67
2021-12-03,227.88
2021-12-06,228.07
2021-12-07,227.87
2021-12-08,229.85
2021-12-09,229.77
2021-12-10,230.4
2021-12-13,230.98
2021-12-14,226.83
2021-12-15,229.19
2021-12-16,232.69
2021-12-17,230.45
2021-12-20,228.47
2021-12-21,230.28
2021-12-22,231.87
2021-12-23,233.35
2021-12-24,233.2
2021-12-27,233.85
2021-12-28,235.22
2021-12-29,236.27
2021-12-30,237.55
2022-01-03,235.4
2022-01-04,235.53
2022-01-05,233.22
2022-01-06,231.22
2022-01-07,226.61
2022-01-10,227.64
2022-01-11,224.0
2022-01-12,224.49
2022-01-13,224.02
2022-01-14,222.04
2022-01-17,224.18
2022-01-18,223.79
2022-01-19,222.04
2022-01-20,222.11
2022-01-21,217.66
2022-01-24,218.19
2022-01-25,214.97
2022-01-26,215.03
2022-02-07,216.99
2022-02-08,218.65
2022-02-09,221.0
2022-02-10,222.15
2022-02-11,222.1
2022-02-14,216.81
2022-02-15,217.65
2022-02-16,220.67
2022-02-17,220.07
2022-02-18,221.17
2022-02-21,220.91
2022-02-22,216.78
2022-02-23,218.65
2022-02-24,211.97
2022-02-25,214.81
2022-03-01,218.4
2022-03-02,219.01
2022-03-03,219.55
2022-03-04,217.09
2022-03-07,208.56
2022-03-08,203.36
2022-03-09,207.03
2022-03-10,211.06
2022-03-11,209.8
2022-03-14,209.84
2022-03-15,203.18
2022-03-16,204.17
2022-03-17,211.47
2022-03-18,213.23
2022-03-21,213.66
2022-03-22,214.79
2022-03-23,216.79
2022-03-24,217.63
2022-03-25,216.34
2022-03-28,215.42
2022-03-29,216.95
2022-03-30,218.35
2022-03-31,217.06
2022-04-01,216.55
2022-04-06,215.05
2022-04-07,210.25
2022-04-08,211.27
2022-04-11,206.91
2022-04-12,205.29
2022-04-13,207.78
2022-04-14,207.93
2022-04-15,204.31
2022-04-18,204.11
2022-04-19,204.76
2022-04-20,205.5
2022-04-21,206.86
2022-04-22,203.51
2022-04-25,196.06
2022-04-26,194.66
2022-04-27,192.07
2022-04-28,193.45
2022-04-29,194.82
2022-05-03,195.17
2022-05-04,195.17
2022-05-05,198.55
2022-05-06,196.17
2022-05-09,190.99
2022-05-10,192.34
2022-05-11,191.93
2022-05-12,188.04
2022-05-13,192.28
2022-05-16,192.81
2022-05-17,195.99
2022-05-18,197.74
2022-05-19,197.11
2022-05-20,197.66
2022-05-23,197.04
2022-05-24,192.58
2022-05-25,194.68
2022-05-26,193.32
2022-05-27,196.91
2022-05-30,201.12
2022-05-31,202.48
2022-06-01,203.57
2022-06-02,202.85
2022-06-06,202.69
2022-06-07,202.53
2022-06-08,203.14
2022-06-09,204.82
2022-06-10,205.23
2022-06-13,199.76
2022-06-14,199.25
2022-06-15,198.63
2022-06-16,195.21
2022-06-17,192.89
2022-06-20,186.37
2022-06-21,191.09
2022-06-22,185.54
2022-06-23,185.54
2022-06-24,187.01
2022-06-27,191.35
2022-06-28,187.91
2022-06-29,187.67
2022-06-30,181.09
2022-07-01,173.03
2022-07-04,170.88
2022-07-05,173.18
2022-07-06,167.78
2022-07-07,171.82
2022-07-08,174.67
2022-07-11,174.06
2022-07-12,169.09
2022-07-13,171.03
2022-07-14,174.03
2022-07-15,175.73
2022-07-18,178.75
2022-07-19,178.37
2022-07-20,180.22
2022-07-21,183.58
2022-07-22,183.43
2022-07-25,182.96
2022-07-26,180.45
2022-07-27,182.07
2022-07-28,181.66
2022-07-29,183.58
2022-08-01,182.75
2022-08-02,179.3
2022-08-03,178.17
2022-08-04,178.18
2022-08-05,182.37
2022-08-08,182.95
2022-08-09,183.52
2022-08-10,182.12
2022-08-11,184.49
2022-08-12,186.55
2022-08-15,189.91
2022-08-16,190.4
2022-08-17,191.32
2022-08-18,193.57
2022-08-19,195.07
2022-08-22,193.92
2022-08-23,193.96
2022-08-24,194.79
2022-08-25,197.49
2022-08-26,198.53
2022-08-29,195.05
2022-08-30,197.69
2022-08-31,199.37
2022-09-01,196.53
2022-09-02,196.69
2022-09-05,193.73
2022-09-06,190.81
2022-09-07,188.93
2022-09-08,192.97
2022-09-12,194.82
2022-09-13,195.25
2022-09-14,195.06
2022-09-15,193.89
2022-09-16,191.48
2022-09-19,188.83
2022-09-20,190.04
2022-09-21,188.31
2022-09-22,188.76
2022-09-23,184.74
2022-09-26,176.87
2022-09-27,177.95
2022-09-28,169.6
2022-09-29,171.95
2022-09-30,173.42
2022-10-03,172.4
2022-10-04,176.9
2022-10-05,177.48
2022-10-06,178.19
2022-10-07,176.71
2022-10-11,168.44
2022-10-12,168.99
2022-10-13,162.63
2022-10-14,167.45
2022-10-17,166.54
2022-10-18,167.32
2022-10-19,165.85
2022-10-20,164.52
2022-10-21,161.62
2022-10-24,162.37
2022-10-25,159.26
2022-10-26,159.28
2022-10-27,163.98
2022-10-28,162.24
2022-10-31,164.38
2022-11-01,166.82
2022-11-02,168.93
2022-11-03,170.3
2022-11-04,171.66
2022-11-07,172.95
2022-11-08,172.75
2022-11-09,175.3
2022-11-10,175.09
2022-11-11,179.04
2022-11-14,180.45
2022-11-15,181.66
2022-11-16,183.31
2022-11-17,185.11
2022-11-18,183.85
2022-11-21,183.37
2022-11-22,182.83
2022-11-23,184.35
2022-11-24,186.54
2022-11-25,184.34
2022-11-28,185.39
2022-11-29,184.93
2022-11-30,187.37
2022-12-01,190.33
2022-12-02,191.88
2022-12-05,192.98
2022-12-06,190.04
2022-12-07,187.27
2022-12-08,187.85
2022-12-09,188.14
2022-12-12,187.43
2022-12-13,186.29
2022-12-14,189.41
2022-12-15,189.3
2022-12-16,186.56
2022-12-19,186.55
2022-12-20,180.92
2022-12-21,181.51
2022-12-22,183.54
2022-12-23,182.84
2022-12-26,182.55
2022-12-27,183.45
2022-12-28,180.13
2022-12-29,180.52
2022-12-30,180.34
2023-01-03,182.53
2023-01-04,183.47
2023-01-05,183.76
2023-01-06,185.74
2023-01-09,188.26
2023-01-10,188.05
2023-01-11,188.52
2023-01-12,186.85
2023-01-13,186.22
2023-01-16,187.82
2023-01-17,188.5
2023-01-30,193.23
2023-01-31,194.79
2023-02-01,196.54
2023-02-02,199.83
2023-02-03,200.16
2023-02-06,198.92
2023-02-07,200.81
2023-02-08,202.69
2023-02-09,202.34
2023-02-10,200.42
2023-02-13,199.47
2023-02-14,200.0
2023-02-15,199.01
2023-02-16,202.12
2023-02-17,202.6
2023-02-20,203.94
2023-02-21,205.57
2023-02-22,203.24
2023-02-23,206.8
2023-02-24,205.87
2023-03-01,206.99
2023-03-02,207.44
2023-03-03,208.02
2023-03-06,210.79
2023-03-07,211.14
2023-03-08,211.83
2023-03-09,211.83
2023-03-10,206.72
2023-03-13,205.38
2023-03-14,203.61
2023-03-15,205.07
2023-03-16,203.04
2023-03-17,206.45
2023-03-20,207.66
2023-03-21,208.19
2023-03-22,211.33
2023-03-23,212.54
2023-03-24,213.6
2023-03-27,213.91
2023-03-28,210.93
2023-03-29,210.3
2023-03-30,212.15
2023-03-31,212.65
2023-04-06,212.19
2023-04-07,213.02
2023-04-10,214.29
2023-04-11,215.71
2023-04-12,216.61
2023-04-13,215.62
2023-04-14,216.33
2023-04-17,218.04
2023-04-18,216.96
2023-04-19,217.15
2023-04-20,212.97
2023-04-21,208.29
2023-04-24,209.94
2023-04-25,204.77
2023-04-26,204.91
2023-04-27,205.95
2023-04-28,209.33
2023-05-02,212.39
2023-05-03,211.3
2023-05-04,212.42
2023-05-05,213.05
2023-05-08,213.06
2023-05-09,210.08
2023-05-10,210.13
2023-05-11,205.69
2023-05-12,206.89
2023-05-15,204.87
2023-05-16,206.95
2023-05-17,209.4
2023-05-18,210.06
2023-05-19,209.5
2023-05-22,211.29
2023-05-23,213.24
2023-05-24,212.6
2023-05-25,212.28
2023-05-26,212.73
2023-05-29,215.98
2023-05-30,215.11
2023-05-31,215.97
2023-06-01,216.72
2023-06-02,218.16
2023-06-05,220.09
2023-06-06,219.29
2023-06-07,222.14
2023-06-08,219.74
2023-06-09,222.32
2023-06-12,221.13
2023-06-13,224.07
2023-06-14,223.39
2023-06-15,224.16
2023-06-16,223.81
2023-06-19,223.99
2023-06-20,223.49
2023-06-21,222.73
2023-06-26,220.77
2023-06-27,219.73
2023-06-28,220.64
2023-06-29,222.57
2023-06-30,223.94
2023-07-03,225.67
2023-07-04,226.15
2023-07-05,226.32
2023-07-06,224.67
2023-07-07,221.82
2023-07-10,220.85
2023-07-11,221.91
2023-07-12,221.14
2023-07-13,220.71
2023-07-14,224.38
2023-07-17,225.15
2023-07-18,223.17
2023-07-19,222.86
2023-07-20,224.48
2023-07-21,223.16
2023-07-24,221.53
2023-07-25,222.88
2023-07-26,219.58
2023-07-27,221.81
2023-07-28,223.79
2023-07-31,221.69
2023-08-01,220.26
2023-08-02,215.37
2023-08-04,216.85
2023-08-07,218.08
2023-08-08,215.98
2023-08-09,215.0
2023-08-10,210.51
2023-08-11,210.25
2023-08-14,205.44
2023-08-15,207.24
2023-08-16,207.59
2023-08-17,210.39
2023-08-18,208.15
2023-08-21,208.26
2023-08-22,207.51
2023-08-23,208.15
2023-08-24,208.92
2023-08-25,207.89
2023-08-28,207.28
2023-08-29,209.17
2023-08-30,211.92
2023-08-31,213.28
2023-09-01,213.68
2023-09-04,215.0
2023-09-05,216.19
2023-09-06,216.48
2023-09-07,215.78
2023-09-08,214.33
2023-09-11,212.16
2023-09-12,213.04
2023-09-13,215.09
2023-09-14,218.7
2023-09-15,219.0
2023-09-18,217.99
2023-09-19,216.28
2023-09-20,214.09
2023-09-21,211.16
2023-09-22,213.23
2023-09-25,214.8
2023-09-26,212.14
2023-09-27,212.52
2023-09-28,213.1
2023-10-02,215.86
2023-10-03,214.75
2023-10-04,213.78
2023-10-05,216.01
2023-10-06,215.95
2023-10-11,213.99
2023-10-12,216.61
2023-10-13,216.23
2023-10-16,214.59
2023-10-17,214.2
2023-10-18,211.46
2023-10-19,213.3
2023-10-20,211.82
2023-10-23,210.79
2023-10-24,212.8
2023-10-25,214.73
2023-10-26,210.23
2023-10-27,211.88
2023-10-30,213.17
2023-10-31,209.65
2023-11-01,211.82
2023-11-02,214.51
2023-11-03,215.14
2023-11-06,218.62
2023-11-07,219.48
2023-11-08,219.8
2023-11-09,219.58
2023-11-10,217.86
2023-11-13,218.34
2023-11-14,219.08
2023-11-15,220.5
2023-11-16,221.55
2023-11-17,222.75
2023-11-20,223.45
2023-11-21,224.24
2023-11-22,226.02
2023-11-23,226.33
2023-11-24,226.64
2023-11-27,224.73
2023-11-28,228.92
2023-11-29,230.88
2023-11-30,231.74
2023-12-01,232.11
2023-12-04,233.01
2023-12-05,231.35
2023-12-06,232.11
2023-12-07,230.83
2023-12-08,232.1
2023-12-11,232.68
2023-12-12,233.37
2023-12-13,233.83
2023-12-14,234.83
2023-12-15,234.81
2023-12-18,233.41
2023-12-19,231.08
2023-12-20,232.31
2023-12-21,231.63
2023-12-22,232.85
2023-12-25,232.05
2023-12-26,233.89
2023-12-27,234.73
2023-12-28,233.91
2023-12-29,234.01
2024-01-02,233.23
2024-01-03,231.05
2024-01-04,229.44
2024-01-05,230.61
2024-01-08,230.56
2024-01-09,229.48
2024-01-10,229.41
2024-01-11,231.71
2024-01-12,230.47
2024-01-15,233.01
2024-01-16,232.18
2024-01-17,228.57
2024-01-18,228.16
2024-01-19,230.19
2024-01-22,232.95
2024-01-23,234.6
2024-01-24,235.07
2024-01-25,234.3
2024-01-26,234.23
2024-01-29,236.1
2024-01-30,236.61
2024-01-31,237.08
2024-02-01,237.35
2024-02-02,239.12
2024-02-05,238.67
2024-02-15,242.51
2024-02-16,244.11
2024-02-19,245.11
2024-02-20,245.47
2024-02-21,245.44
2024-02-22,247.04
2024-02-23,246.58
2024-02-26,247.97
2024-02-27,246.65
2024-02-29,249.45
2024-03-01,251.37
2024-03-04,252.74
2024-03-05,253.1
2024-03-06,253.89
2024-03-07,252.9
2024-03-08,247.43
2024-03-11,248.63
2024-03-12,252.09
2024-03-13,249.21
2024-03-14,247.96
2024-03-15,246.37
2024-03-18,249.63
2024-03-19,251.01
2024-03-20,250.56
2024-03-21,252.21
2024-03-22,251.17
2024-03-25,252.27
2024-03-26,248.49
2024-03-27,250.94
2024-03-28,250.58
2024-03-29,252.11
2024-04-01,254.03
2024-04-02,254.79
2024-04-03,254.92
2024-04-08,255.93
2024-04-09,254.93
2024-04-10,255.93
2024-04-11,254.66
2024-04-12,256.43
2024-04-15,252.5
2024-04-16,245.52
2024-04-17,250.33
2024-04-18,250.68
2024-04-19,242.42
2024-04-22,236.73
2024-04-23,239.26
2024-04-24,244.93
2024-04-25,242.65
2024-04-26,245.36
2024-04-29,248.72
2024-04-30,248.53
2024-05-02,250.2
2024-05-03,249.99
2024-05-06,250.79
2024-05-07,250.67
2024-05-08,250.59
2024-05-09,247.44
2024-05-10,247.65
2024-05-13,247.12
2024-05-14,247.95
2024-05-15,248.35
2024-05-16,250.36
2024-05-17,251.32
2024-05-20,251.14
2024-05-21,251.27
2024-05-22,253.88
2024-05-23,251.96
2024-05-24,254.61
2024-05-27,256.84
2024-05-28,259.36
2024-05-29,259.75
2024-05-30,257.92
2024-05-31,257.84
2024-06-03,260.45
2024-06-04,259.19
2024-06-05,259.43
2024-06-06,259.38
2024-06-07,261.37
2024-06-11,261.35
2024-06-12,264.13
2024-06-13,266.17
2024-06-14,266.93
2024-06-17,267.65
2024-06-18,269.04
2024-06-19,268.66
2024-06-20,271.77
2024-06-21,270.76
2024-06-24,267.56
2024-06-25,268.29
2024-06-26,271.14
2024-06-27,269.46
2024-06-28,273.35
2024-07-01,275.57
2024-07-02,276.14
2024-07-03,276.63
2024-07-04,277.31
2024-07-05,280.65
2024-07-08,278.77
2024-07-09,278.06
2024-07-10,279.95
2024-07-11,281.34
2024-07-12,278.46
2024-07-15,278.74
2024-07-16,279.89
2024-07-17,281.21
2024-07-18,276.94
2024-07-19,271.63
2024-07-22,264.16
2024-07-23,267.56
2024-07-26,264.34
2024-07-29,260.11
2024-07-30,263.36
2024-07-31,262.3
2024-08-01,266.91
2024-08-02,257.78
2024-08-05,237.52
2024-08-06,235.51
2024-08-07,247.83
2024-08-08,246.71
2024-08-09,252.27
2024-08-12,255.51
2024-08-13,256.99
2024-08-14,260.23
2024-08-15,262.25
2024-08-16,266.24
2024-08-19,268.88
2024-08-20,270.08
2024-08-21,268.38
2024-08-22,269.76
2024-08-23,271.68
2024-08-26,269.71
2024-08-27,272.43
2024-08-28,272.62
2024-08-29,273.32
2024-08-30,274.58
2024-09-02,272.56
2024-09-03,270.86
2024-09-04,262.06
2024-09-05,261.21
2024-09-06,261.8
2024-09-09,260.59
2024-09-10,256.0
2024-09-11,257.02
2024-09-12,262.12
2024-09-13,264.3
2024-09-16,265.08
2024-09-18,263.0
2024-09-19,267.76
2024-09-20,267.01
2024-09-23,267.37
2024-09-24,266.41
2024-09-25,270.18
2024-09-26,270.98
2024-09-27,270.34
2024-09-30,268.45
2024-10-01,270.28
2024-10-04,267.72
2024-10-07,271.02
2024-10-08,269.78
2024-10-09,267.95
2024-10-11,269.45
2024-10-14,270.26
2024-10-15,270.8
2024-10-16,270.37
2024-10-17,271.78
2024-10-18,268.69
2024-10-21,272.46
2024-10-22,273.55
2024-10-23,274.07
2024-10-24,270.23
2024-10-25,270.11
2024-10-28,266.99
2024-10-29,264.37
2024-10-30,264.22
2024-11-01,264.94
2024-11-04,263.94
2024-11-05,263.74
2024-11-06,265.09
2024-11-07,267.58
2024-11-08,266.53
2024-11-11,265.55
2024-11-12,260.46
2024-11-13,260.03
2024-11-14,256.17
2024-11-15,256.45
2024-11-18,251.78
2024-11-19,256.29
2024-11-20,255.82
2024-11-21,257.95
2024-11-22,259.58
2024-11-25,261.8
2024-11-26,259.72
2024-11-27,255.4
2024-11-28,252.82
2024-11-29,256.72
2024-12-02,257.84
2024-12-03,259.11
2024-12-04,262.6
2024-12-05,263.39
2024-12-06,261.52
2024-12-09,260.47
2024-12-10,258.21
2024-12-11,257.78
2024-12-12,257.38
2024-12-13,255.29
2024-12-16,250.1
2024-12-17,253.83
2024-12-18,255.12
2024-12-19,254.73
2024-12-20,252.39
2024-12-23,254.18
2024-12-24,255.3
2024-12-25,256.41
2024-12-26,257.18
2024-12-27,256.1
2024-12-30,254.32
2024-12-31,255.84
2025-01-02,252.69
2025-01-03,252.35
2025-01-06,255.31
2025-01-07,256.88
2025-01-08,256.08
2025-01-09,250.81
2025-01-10,250.14
2025-01-13,242.35
2025-01-14,245.5
2025-01-15,244.74
2025-01-16,249.57
2025-01-17,248.05
2025-01-20,251.55
2025-01-21,251.04
2025-01-22,252.95
2025-02-03,246.17
2025-02-04,246.04
2025-02-05,250.25
2025-02-06,252.48
2025-02-07,255.54
2025-02-10,253.57
2025-02-11,254.01
2025-02-12,253.12
2025-02-13,255.08
2025-02-14,254.81
2025-02-17,257.63
2025-02-18,260.75
2025-02-19,261.66
2025-02-20,261.64
2025-02-21,263.43
2025-02-24,264.03
2025-02-25,262.51
2025-02-26,262.22
2025-02-27,259.92
2025-03-03,256.01
2025-03-04,256.89
2025-03-05,259.99
2025-03-06,260.31
2025-03-07,257.23
2025-03-10,255.29
2025-03-11,251.52
2025-03-12,252.11
2025-03-13,249.3
2025-03-14,249.96
2025-03-17,250.78
2025-03-18,253.3
2025-03-19,250.62
2025-03-20,254.45
2025-03-21,253.89
2025-03-24,251.22
2025-03-25,251.54
2025-03-26,252.11
2025-03-27,248.71
2025-03-28,242.96
2025-03-31,230.4
2025-04-01,235.78
2025-04-02,237.38
2025-04-07,214.38
2025-04-08,200.03
2025-04-09,185.14
2025-04-10,202.06
2025-04-11,204.94
2025-04-14,208.61
2025-04-15,216.48
2025-04-16,212.87
2025-04-17,212.08
2025-04-18,212.13
2025-04-21,206.22
2025-04-22,203.68
2025-04-23,211.5
2025-04-24,212.75
2025-04-25,216.92
2025-04-28,219.41
2025-04-29,222.51
2025-04-30,219.98
2025-05-02,223.89
2025-05-05,219.39
2025-05-06,221.42
2025-05-07,219.55
2025-05-08,222.69
2025-05-09,223.55
2025-05-12,226.06
2025-05-13,228.18
2025-05-14,231.47
2025-05-15,230.13
2025-05-16,230.92
2025-05-19,227.08
2025-05-20,227.74
2025-05-21,230.26
2025-05-22,228.98
2025-05-23,228.79
2025-05-26,227.67
2025-05-27,226.26
2025-05-28,225.84
2025-05-29,227.27
2025-06-02,222.04
2025-06-03,222.5
2025-06-04,226.24
2025-06-05,227.23
2025-06-06,227.31
2025-06-09,227.9
2025-06-10,230.82
2025-06-11,234.01
2025-06-12,234.77
2025-06-13,231.18
2025-06-16,231.2
2025-06-17,231.15
2025-06-18,231.79
2025-06-19,228.56
2025-06-20,226.55
2025-06-23,226.34
2025-06-24,231.31
2025-06-25,233.17
2025-06-26,233.22
2025-06-27,233.63
2025-06-30,231.35
2025-07-01,232.21
2025-07-02,232.92
2025-07-03,234.6
2025-07-04,231.61
2025-07-07,228.94
2025-07-08,228.22
2025-07-09,230.79
2025-07-10,231.02
2025-07-11,232.49
2025-07-14,230.59
2025-07-15,232.32
2025-07-16,232.86
2025-07-17,235.66
2025-07-18,235.29
2025-07-21,234.59
2025-07-22,228.76
2025-07-23,232.16
2025-07-24,232.93
2025-07-25,232.77
2025-07-28,233.45
2025-07-29,231.16
2025-07-30,231.45
2025-07-31,232.0
2025-08-01,234.03
2025-08-04,233.87
2025-08-05,237.03
2025-08-06,236.05
2025-08-07,239.54
2025-08-08,239.79
2025-08-11,240.2
2025-08-12,242.36
2025-08-13,243.33
2025-08-14,245.53
2025-08-15,246.07
2025-08-18,248.34
2025-08-19,246.97
2025-08-20,241.32
2025-08-21,245.68
2025-08-22,244.14
2025-08-25,247.48
2025-08-26,250.28
2025-08-27,253.83
2025-08-28,253.99
2025-08-29,255.0
2025-09-01,252.37
2025-09-02,251.05
2025-09-03,253.85
2025-09-04,254.18
2025-09-05,258.03
2025-09-08,259.78
2025-09-09,259.6
2025-09-10,260.73
2025-09-11,256.58
2025-09-12,258.09
2025-09-15,255.82
2025-09-16,259.33
2025-09-17,257.89
2025-09-18,262.45
2025-09-19,263.28
2025-09-22,266.05
2025-09-23,265.54
2025-09-24,264.87
2025-09-25,263.13
2025-09-26,257.03
2025-09-30,261.52
2025-10-01,261.47
2025-10-02,262.94
2025-10-03,263.66
2025-10-07,264.85
2025-10-08,265.35
2025-10-09,265.15
2025-10-13,261.36
2025-10-14,255.58
2025-10-15,260.56
2025-10-16,263.52
2025-10-17,261.28
2025-10-20,263.25
2025-10-21,265.85
2025-10-22,264.47
2025-10-23,262.72
2025-10-27,264.71
2025-10-28,264.19
2025-10-29,264.08
2025-10-30,262.02
2025-10-31,264.31
2025-11-03,265.68
2025-11-04,261.0
2025-11-05,259.11
2025-11-06,262.11
2025-11-07,258.86
2025-11-10,257.26
2025-11-11,256.7
2025-11-12,258.82
2025-11-13,260.3
2025-11-14,256.25
2025-11-17,255.96
2025-11-18,250.06
2025-11-19,246.7
2025-11-20,252.95
2025-11-21,245.97
2025-11-24,250.34
2025-11-25,254.4
2025-11-26,256.14
2025-11-27,258.24
2025-11-28,262.28
2025-12-01,259.72
2025-12-02,259.13
2025-12-03,260.55
2025-12-04,259.86
2025-12-05,260.65
2025-12-08,262.37
2025-12-09,264.19
2025-12-10,264.67
2025-12-11,263.98
2025-12-12,265.37
2025-12-15,265.16
2025-12-16,260.24
2025-12-17,261.45
2025-12-18,259.39
2025-12-19,262.64
2025-12-22,266.85
2025-12-23,267.76
2025-12-24,269.75
2025-12-26,271.5
2025-12-29,272.82
2025-12-30,274.54
2025-12-31,276.24
2026-01-02,278.03
2026-01-05,275.66
2026-01-06,278.97
2026-01-07,281.44
2026-01-08,280.06
2026-01-09,279.85
2026-01-12,286.57
2026-01-13,285.36
2026-01-14,290.6
2026-01-15,291.16
2026-01-16,292.78
2026-01-19,295.11
2026-01-20,297.61
2026-01-21,293.16
2026-01-22,297.82
2026-01-23,299.26
2026-01-26,302.65
2026-01-27,305.26
2026-01-28,309.28
2026-01-29,305.48
2026-01-30,300.78
2026-02-02,294.32
2026-02-03,298.26
2026-02-04,301.52
2026-02-05,296.36
2026-02-06,290.72
2026-02-09,296.62
2026-02-10,296.52
2026-02-11,297.71
2026-02-23,303.83
2026-02-24,311.44
2026-02-25,313.24
2026-02-26,316.73
2026-03-02,316.01
2026-03-03,308.81
2026-03-04,293.8
2026-03-05,304.21
2026-03-06,306.49
2026-03-09,288.96
2026-03-10,297.53
2026-03-11,311.5
2026-03-12,311.59
2026-03-13,312.9
2026-03-16,317.19
2026-03-17,321.03
2026-03-18,329.4
2026-03-19,329.79
2026-03-20,328.4
2026-03-23,317.02
2026-03-24,312.74
2026-03-25,324.87
2026-03-26,322.8
2026-03-27,325.0
2026-03-30,320.4
2026-03-31,307.73
2026-04-01,321.19
2026-04-02,317.9
2026-04-07,325.61
2026-04-08,341.2
2026-04-09,342.57
2026-04-10,349.5
2026-04-13,352.23
2026-04-14,356.0
2026-04-15,359.86
2026-04-16,365.96
2026-04-17,372.34
2026-04-20,383.5
2026-04-21,390.57
2026-04-22,395.08
2026-04-23,381.32
2026-04-24,381.54
2026-04-27,377.05
2026-04-28,382.06
2026-04-29,382.75
2026-04-30,384.58
2026-05-04,398.25
2026-05-05,407.44
2026-05-06,410.29
2026-05-07,416.41
2026-05-08,409.44
2026-05-11,422.01
2026-05-12,425.71
2026-05-13,420.54
2026-05-14,426.57
2026-05-15,411.18
2026-05-18,409.63
2026-05-19,398.18
2026-05-20,396.42
2026-05-21,409.8
2026-05-22,423.25
2026-05-25,434.99
2026-05-26,439.3
2026-05-27,440.19
2026-05-28,432.48
2026-05-29,443.64
2026-06-01,446.02
2026-06-02,440.64
2026-06-03,446.82
2026-06-04,440.1
2026-06-05,431.07
2026-06-08,412.57
2026-06-09,424.71
2026-06-10,405.91
2026-06-11,407.09
2026-06-12,419.72
2026-06-15,429.37
2026-06-16,430.26
2026-06-17,433.34
2026-06-18,447.06
2026-06-22,453.5
2026-06-23,440.81
2026-06-24,442.09
2026-06-25,439.84
2026-06-26,415.26
2026-06-29,412.93
2026-06-30,426.97
2026-07-01,431.23
2026-07-02,439.51
2026-07-03,445.38
2026-07-06,439.8
2026-07-07,419.47
2026-07-08,421.39
2026-07-09,424.99
2026-07-13,419.9
2026-07-14,407.41
2026-07-15,416.41
